show_id,type,title,director,cast,country,date_added,year_added,release_year,content_age,rating,duration,genre,description
s2037,Movie,#Alive,Cho Il,"Yoo Ah-in, Park Shin-hye",South Korea,2020-09-08,2020.0,2020,6,TV-MA,99 min,"Horror Movies, International Movies, Thrillers","As a grisly virus rampages a city, a lone man stays locked inside his apartment, digitally cut off from seeking help and desperate to find a way out."
s2305,Movie,#AnneFrank - Parallel Stories,"Sabina Fedeli, Anna Migotto","Helen Mirren, Gengher Gatti",Italy,2020-07-01,2020.0,2019,7,TV-14,95 min,"Documentaries, International Movies","Through her diary, Anne Frank's story is retold alongside those of five Holocaust survivors in this poignant documentary from Oscar winner Helen Mirren."
s2482,Movie,#FriendButMarried,Rako Prijanto,"Adipati Dolken, Vanesha Prescilla, Rendi Jhon, Beby Tsabina, Denira Wiraguna, Refal Hady, Diandra Agatha, Sari Nila",Indonesia,2020-05-21,2020.0,2018,8,TV-G,102 min,"Dramas, International Movies, Romantic Movies","Pining for his high school crush for years, a young man puts up his best efforts to move out of the friend zone until she reveals she's getting married."
s2325,Movie,#FriendButMarried 2,Rako Prijanto,"Adipati Dolken, Mawar de Jongh, Sari Nila, Vonny Cornellya, Clay Gribble, Ivan Leonardy, Sarah Sechan, Jourdy Pranata",Indonesia,2020-06-28,2020.0,2020,6,TV-G,104 min,"Dramas, International Movies, Romantic Movies","As Ayu and Ditto finally transition from best friends to newlyweds, a quick pregnancy creates uncertainty for the future of their young marriage."
s5974,Movie,#Roxy,Michael Kennedy,"Jake Short, Sarah Fisher, Booboo Stewart, Danny Trejo, Pippa Mackie, Jake Smith, Patricia Zentilli, Carter Thicke",Canada,2019-04-10,2019.0,2018,8,TV-14,105 min,"Comedies, Romantic Movies",A teenage hacker with a huge nose helps a cool kid woo a girl that he’s secretly in love with.
s5696,Movie,#Rucker50,Robert McCullough Jr.,,United States,2016-12-01,2016.0,2016,10,TV-PG,56 min,"Documentaries, Sports Movies",This documentary celebrates the 50th anniversary of the Harlem sports program that has inspired countless city kids to become pro basketball players.
s655,Movie,#Selfie,Cristina Jacob,"Flavia Hojda, Crina Semciuc, Olimpia Melinte, Sali Levent, Vlad Logigan, Alex Călin, Alina Chivulescu, Răzvan Vasilescu",Romania,2021-06-21,2021.0,2014,12,TV-MA,125 min,"Comedies, Dramas, International Movies","Two days before their final exams, three teen girls make a seaside getaway to have the time of their lives."
s656,Movie,#Selfie 69,Cristina Jacob,"Maia Morgenstern, Olimpia Melinte, Crina Semciuc, Flavia Hojda, Maria Dinulescu, Alex Călin, Vlad Logigan, Sali Levent, Silvia Busuioc, Mihaela Mihut",Romania,2021-06-21,2021.0,2016,10,TV-MA,119 min,"Comedies, Dramas, International Movies","After a painful breakup, a trio of party-loving friends makes a bet: who can get married in three days."
s2667,Tv Show,#blackAF,,"Kenya Barris, Rashida Jones, Iman Benson, Genneya Walton, Scarlet Spencer, Justin Claiborne, Ravi Cabot-Conyers",United States,2020-04-17,2020.0,2020,6,TV-MA,1 Season,TV Comedies,"Kenya Barris and his family navigate relationships, race and culture while grappling with their newfound success in this comedy series."
s5973,Movie,#cats_the_mewvie,Michael Margolis,,Canada,2020-02-05,2020.0,2020,6,TV-14,90 min,"Documentaries, International Movies","This pawesome documentary explores how our feline friends became online icons, from the earliest text memes to the rise of celebrity cat influencers."
s5278,Movie,#realityhigh,Fernando Lebrija,"Nesta Cooper, Kate Walsh, John Michael Higgins, Keith Powers, Alicia Sanz, Jake Borelli, Kid Ink, Yousef Erakat, Rebekah Graf, Anne Winters, Peter Gilroy, Patrick Davis",United States,2017-09-08,2017.0,2017,9,TV-14,99 min,Comedies,"When nerdy high schooler Dani finally attracts the interest of her longtime crush, she lands in the cross hairs of his ex, a social media celebrity."
s307,Movie,'76,Izu Ojukwu,"Ramsey Nouah, Rita Dominic, Chidi Mokeme, Ibinabo Fiberesima, Daniel K. Daniel, Memry Savanhu, Adonijah Owiriwa, Pat Nebo, Nelly Ekwereogu, Shuaibu Ebenesi Adams, Debo Oguns, Ben Nwosu, Ada Ofoegbu",Nigeria,2021-08-04,2021.0,2016,10,TV-PG,118 min,"Dramas, International Movies","When her husband is accused of taking part in an attempted military coup, a pregnant woman's life takes an emotional turn. Inspired by true events."
s5968,Movie,'89,,"Lee Dixon, Ian Wright, Paul Merson",United Kingdom,2018-05-16,2018.0,2017,9,TV-PG,87 min,Sports Movies,"Mixing old footage with interviews, this is the story of Arsenal's improbable win versus Liverpool in the final moments of the 1989 championship game."
s5972,Movie,(T)ERROR,"Lyric R. Cabral, David Felix Sutcliffe",,United States,2016-06-30,2016.0,2015,11,NR,84 min,Documentaries,This real-life look at FBI counterterrorism operations features access to both sides of a sting: the government informant and the radicalized target.
s2141,Tv Show,(Un)Well,,,United States,2020-08-12,2020.0,2020,6,TV-MA,1 Season,Reality TV,"This docuseries takes a deep dive into the lucrative wellness industry, which touts health and healing. But do the products live up to the promises?"
s5657,Movie,07:19,Jorge Michel Grau,"Demián Bichir, Héctor Bonilla, Oscar Serrano, Azalia Ortiz, Octavio Michel, Carmen Beato",Mexico,2016-12-23,2016.0,2016,10,TV-MA,93 min,"Dramas, International Movies","After a devastating earthquake hits Mexico City, trapped survivors from all walks of life wait to be rescued while trying desperately to stay alive."
s5980,Movie,1 Chance 2 Dance,Adam Deyoe,"Lexi Giovagnoli, Justin Ray, Rae Latt, Poonam Basu, Teresa Biter, Kalilah Harris, Alexia Dox, Adam Powell, Sean McBride",United States,2017-07-01,2017.0,2014,12,TV-PG,89 min,"Dramas, Romantic Movies","When an aspiring dancer is uprooted during her senior year of high school, she finds herself torn between two boys – and with one shot at her dream."
s5981,Movie,1 Mile to You,Leif Tilden,"Billy Crudup, Graham Rogers, Liana Liberato, Stefanie Scott, Tim Roth, Melanie Lynskey, Thomas Cocquerel, Peter Coyote",United States,2017-07-07,2017.0,2017,9,TV-14,105 min,"Dramas, Romantic Movies, Sports Movies","After escaping the bus accident that killed his girlfriend, a high school student channels his grief into running, with the help of a new coach."
s3393,Movie,10 Days in Sun City,Adze Ugah,"Ayo Makun, Adesua Etomi, Richard Mofe-Damijo, Mercy Johnson, Falz, Tuface Idibia, Thenjiwe Moseley, Motlatsi Mafatshe, Celeste Ntuli, Miguel A. Núñez Jr.","South Africa, Nigeria",2019-10-18,2019.0,2017,9,TV-14,87 min,"Comedies, International Movies, Romantic Movies","After his girlfriend wins the Miss Nigeria pageant, a young man faces unexpected competition of his own when he joins her on a campaign in South Africa."
s5388,Movie,10 jours en or,Nicolas Brossette,"Franck Dubosc, Claude Rich, Marie Kremer, Mathis Touré, Rufus, Olivier Claverie",France,2017-07-01,2017.0,2012,14,TV-14,97 min,"Comedies, Dramas, International Movies","When a carefree bachelor is unexpectedly left in charge of a young boy, the two embark on a road trip that will change both of their lives."
s5982,Movie,"10,000 B.C.",Roland Emmerich,"Steven Strait, Camilla Belle, Cliff Curtis, Joel Virgel, Affif Ben Badra, Mo Zinal, Nathanael Baring, Mona Hammond, Omar Sharif","United States, South Africa",2019-06-01,2019.0,2008,18,PG-13,109 min,Action & Adventure,Fierce mammoth hunter D'Leh sets out on an impossible journey to rescue the woman he loves from a vicious warlord and save the people of his village.
s1584,Tv Show,100 Days My Prince,,"Doh Kyung-soo, Nam Ji-hyun, Cho Seong-ha, Cho Han-cheul, Kim Seon-ho, Han So-hee",South Korea,2020-12-07,2020.0,2018,8,TV-14,1 Season,"International TV Shows, Romantic TV Shows, TV Dramas","Upon losing his memory, a crown prince encounters a commoner’s life and experiences unforgettable love as the husband to Joseon’s oldest bachelorette."
s5983,Movie,100 Days Of Solitude,,,Spain,2018-07-06,2018.0,2018,8,TV-MA,93 min,"Documentaries, International Movies","Spanish photographer José Díaz spends 100 days living alone on a remote mountain, connecting to nature and documenting the beauty of his surroundings."
s2817,Tv Show,100 Humans,,"Zainab Johnson, Sammy Obeid, Alie Ward",United States,2020-03-13,2020.0,2020,6,TV-14,1 Season,"Docuseries, Science & Nature TV","One hundred hardy souls from diverse backgrounds participate in playful experiments exploring age, sex, happiness and other aspects of being human."
s5578,Movie,100 Meters,Marcel Barrena,"Dani Rovira, Karra Elejalde, Alexandra Jiménez, David Verdaguer, Clara Segura, Alba Ribas, Bruno Bergonzini, Ricardo Pereira, Manuela Couto, Marc Balaguer","Portugal, Spain",2017-03-10,2017.0,2016,10,TV-MA,109 min,"Dramas, International Movies, Sports Movies","A man who is diagnosed with multiple sclerosis responds by training for an Ironman triathlon, with his cranky father-in-law's help."
s3315,Movie,100 Things to do Before High School,,"Isabela Moner, Jaheem Toombs, Owen Joyner, Jack De Sena, Brady Reiter, Lisa Arch, Stephanie Escajeda",United States,2019-11-02,2019.0,2014,12,TV-Y,44 min,Movies,"Led by seventh-grader C.J., three students who have been warned about the dangers of high school decide to make the best of their middle-school years."
s5984,Movie,100 Years: One Woman's Fight for Justice,Melinda Janko,,United States,2018-03-20,2018.0,2016,10,TV-14,75 min,Documentaries,This documentary chronicles Elouise Cobell's long fight against the U.S. government for the gross mismanagement of mineral-rich Native American land.
s1434,Movie,100% Halal,Jastis Arimba,"Anisa Rahma, Ariyo Wahab, Anandito Dwis, Fitria Rasyidi, Arafah Rianti, Kinaryosih",Indonesia,2021-01-07,2021.0,2020,6,TV-14,101 min,"Dramas, International Movies","After high school, a young woman marries the man of her father's choice but soon faces the possibility that her religion considers the union invalid."
s5985,Tv Show,100% Hotter,,"Daniel Palmer, Melissa Sophia, Karen Williams, Grace Woodward",United Kingdom,2019-11-01,2019.0,2017,9,TV-14,1 Season,"British TV Shows, International TV Shows, Reality TV","A stylist, a hair designer and a makeup artist team up to give Britain's biggest fashion disasters some much-needed makeunders."
s5697,Movie,1000 Rupee Note,Shrihari Sathe,"Usha Naik, Sandeep Pathak, Shrikant Yadav, Ganesh Yadav, Pooja Nayak, Devendra Gaikwad",India,2016-12-01,2016.0,2014,12,TV-14,89 min,"Dramas, International Movies","After randomly receiving a handsome political bribe, a sweet, poor elderly woman decides to treat herself a shopping spree, which doesn't go smoothly."
s5986,Movie,12 ROUND GUN,Sam Upton,"Sam Upton, Jared Abrahamson, Mark Boone Junior, Laila Ali, Kate Vernon, Cassi Thomson, Colby French, Miguel Perez, Jay Acovone",United States,2019-03-14,2019.0,2017,9,TV-MA,90 min,"Dramas, Independent Movies, Sports Movies","Dealing with personal demons and the death of his son, a prizefighter attempts a return to the ring by challenging his rival to a 12-round rematch."
s5987,Tv Show,12 Years Promise,,"So-yeon Lee, Namkoong Min, Tae-im Lee, So-hui Yoon, Won-keun Lee, Hyo-young Ryu",South Korea,2017-05-22,2017.0,2014,12,TV-14,1 Season,"International TV Shows, Korean TV Shows, Romantic TV Shows","A pregnant teen is forced by her family to leave her boyfriend and assume a new identity in America, but 12 years later, the couple reunites in Korea."
s2444,Movie,122,Yasir Al Yasiri,"Amina Khalil, Ahmed Dawood, Tarek Lotfy, Ahmed El Fishawy, Mahmoud Hijazi, Jihane Khalil, Asmaa Galal, Tara Emad",Egypt,2020-06-01,2020.0,2019,7,TV-MA,95 min,"Horror Movies, International Movies","After an awful accident, a couple admitted to a grisly hospital are separated and must find each other to escape — before death finds them."
s5988,Movie,13 Cameras,Victor Zarcoff,"PJ McCabe, Brianne Moncrief, Sarah Baldwin, Jim Cummings, Heidi Niedermeyer, Neville Archambault",United States,2016-08-13,2016.0,2015,11,NR,90 min,"Horror Movies, Independent Movies, Thrillers","Young parents-to-be Claire and Ryan move into a suburban rental home, unaware that someone is secretly watching their every move via hidden cameras."
s2418,Tv Show,13 Reasons Why,,"Dylan Minnette, Katherine Langford, Kate Walsh, Derek Luke, Brian d'Arcy James, Alisha Boe, Christian Navarro, Miles Heizer, Ross Butler, Devin Druid, Michele Selene Ang, Steven Silver, Amy Hargreaves",United States,2020-06-05,2020.0,2020,6,TV-MA,4 Seasons,"Crime TV Shows, TV Dramas, TV Mysteries","After a teenage girl's perplexing suicide, a classmate receives a series of tapes that unravel the mystery of her tragic choice."
s3562,Tv Show,13 Reasons Why: Beyond the Reasons,,"Dylan Minnette, Katherine Langford, Kate Walsh, Derek Luke, Alisha Boe, Justin Prentice, Brandon Flynn, Miles Heizer, Christian Navarro, Brian Yorkey, Tom McCarthy, Selena Gomez, Mandy Teefey, Jay Asher, Dr. Rona Hu, Dr. Helen Hsu, Dr. Rebecca Hedrick, Alexis Jones, Elaine Welteroth, Julia Bicknell, Dr. Christine Moutier, Nic Sheff, Carrie Goldberg, Anne Winters, Joy Gorman, Brandon Butler, Marissa Jo Cerar, Susanne Timms",United States,2019-08-23,2019.0,2019,7,TV-MA,3 Seasons,"Crime TV Shows, Docuseries","Cast members, writers, producers and mental health professionals discuss some of the difficult issues and themes explored in ""13 Reasons Why."""
s5989,Movie,13 Sins,Daniel Stamm,"Mark Webber, Rutina Wesley, Devon Graye, Tom Bower, Ron Perlman, Pruitt Taylor Vince",United States,2019-01-13,2019.0,2014,12,R,93 min,"Horror Movies, Thrillers","A man agrees to appear on a game show with a $6 million prize. But as the challenges become more extreme, he realizes he's made a grave mistake."
s5758,Movie,13TH,Ava DuVernay,,United States,2016-10-07,2016.0,2016,10,TV-MA,101 min,Documentaries,"In this thought-provoking documentary, scholars, activists and politicians analyze the criminalization of African Americans and the U.S. prison boom."
s5990,Movie,13TH: A Conversation with Oprah Winfrey & Ava DuVernay,,"Oprah Winfrey, Ava DuVernay",,2017-01-26,2017.0,2017,9,,37 min,Movies,"Oprah Winfrey sits down with director Ava DuVernay to discuss her Oscar-nominated film, historical cycles of oppression and the broken prison system."
s5991,Movie,14 Blades,Daniel Lee,"Donnie Yen, Zhao Wei, Wu Chun, Law Kar-Ying, Kate Tsui, Yuwu Qi, Wu Ma, Chen Kuan Tai, Sammo Kam-Bo Hung, Chen Zhi Hui, Damian Lau, Xiang Dong Xu","Hong Kong, China, Singapore",2019-04-03,2019.0,2010,16,R,113 min,"Action & Adventure, International Movies","In the age of the Ming Dynasty, Quinglong is the best of the Jinyiwei, an elite assassin squad made up of highly trained former street urchins. When evil eunuch Jia unseats the emperor, Quinglong is called to action but is quickly betrayed."
s5992,Movie,14 Cameras,"Scott Hussion, Seth Fuller","Neville Archambault, Amber Midthunder, Brytnee Ratledge, Hank Rogerson, Chelsea Edmundson, John-Paul Howard, Lora Martinez-Cunningham, Brianne Moncrief",United States,2018-10-27,2018.0,2018,8,TV-MA,89 min,"Horror Movies, Thrillers","Upping the “13 Cameras” ante, this sequel finds a family renting a vacation house that’s been customized to violate their privacy."
s4136,Movie,14 Minutes from Earth,"Adam Davis, Jerry Kolber, Trey Nelson, Erich Sturm",,United States,2019-02-01,2019.0,2016,10,TV-MA,84 min,Documentaries,A Google executive boldly attempts a death-defying mission to travel to space and free-fall back to Earth without a rocket.
s5967,Movie,15-Aug,Swapnaneel Jayakar,"Rahul Pethe, Mrunmayee Deshpande, Adinath Kothare, Vaibhav Mangale, Jaywant Wadkar, Satish Pulekar, Naina Apte, Uday Tikekar",India,2019-03-29,2019.0,2019,7,TV-14,124 min,"Comedies, Dramas, Independent Movies","On India's Independence Day, a zany mishap in a Mumbai chawl disrupts a young love story while compelling the residents to unite in aid of a little boy."
s3963,Movie,15-Aug,Swapnaneel Jayakar,"Rahul Pethe, Mrunmayee Deshpande, Adinath Kothare, Vaibhav Mangale, Jaywant Wadkar, Satish Pulekar, Naina Apte, Uday Tikekar",India,2019-03-29,2019.0,2019,7,TV-14,124 min,"Comedies, Dramas, Independent Movies","On India's Independence Day, a zany mishap in a Mumbai chawl disrupts a young love story while compelling the residents to unite in aid of a little boy."
s5993,Movie,16 Blocks,Richard Donner,"Bruce Willis, Mos Def, David Morse, Jenna Stern, Cylk Cozart, Casey Sander, David Zayas, Robert Racki, Patrick Garrow, Sasha Roiz","United States, Germany",2019-11-01,2019.0,2006,20,PG-13,102 min,Action & Adventure,"Tasked with escorting a prosecution witness to court, an aging cop gears up for the 16-block trek – but they'll be lucky to make it there alive."
s5994,Movie,17 Again,Burr Steers,"Zac Efron, Leslie Mann, Matthew Perry, Thomas Lennon, Michelle Trachtenberg, Melora Hardin, Sterling Knight, Hunter Parrish, Nicole Sullivan, Allison Miller",United States,2021-01-01,2021.0,2009,17,PG-13,102 min,Comedies,"Nearing a midlife crisis, thirty-something Mike wishes for a ""do-over"" – and that's exactly what he gets when he wakes up to find he's 17 again."
s2551,Movie,18 Presents,Francesco Amato,"Vittoria Puccini, Benedetta Porcaroli, Edoardo Leo, Sara Lazzaro, Marco Messeri, Betty Pedrazzi, Alessandro Giallocosta, Filippo Gili, Giacomo Rosselli",Italy,2020-05-08,2020.0,2020,6,TV-MA,114 min,"Dramas, Independent Movies, International Movies",A pregnant mother with terminal cancer leaves behind 18 sentimental gifts for her unborn daughter to receive every birthday until she reaches womanhood.
s5961,Movie,187,Kevin Reynolds,"Samuel L. Jackson, John Heard, Kelly Rowan, Clifton Collins Jr., Tony Plana",United States,2019-11-01,2019.0,1997,29,R,119 min,Dramas,"After one of his high school students attacks him, dedicated teacher Trevor Garfield grows weary of the gang warfare in the New York City school system and moves to California to teach there, thinking it must be a less hostile environment."
s5444,Movie,1898: Our Last Men in the Philippines,Salvador Calvo,"Luis Tosar, Javier Gutiérrez, Álvaro Cervantes, Karra Elejalde, Carlos Hipólito, Ricardo Gómez, Patrick Criado, Eduard Fernández, Miguel Herrán, Emilio Palacios",Spain,2017-06-02,2017.0,2016,10,R,130 min,"Dramas, International Movies","While Spain relinquishes its last colonies, a battle-fatigued outpost engages in a long, brutal and sometimes bizarre clash with Filipino insurgents."
s5963,Movie,1920,Vikram Bhatt,"Rajneesh Duggal, Adah Sharma, Indraneil Sengupta, Anjori Alagh, Rajendranath Zutshi, Vipin Sharma, Amin Hajee, Shri Vallabh Vyas",India,2017-12-15,2017.0,2008,18,TV-MA,143 min,"Horror Movies, International Movies, Thrillers",An architect and his wife move into a castle that is slated to become a luxury hotel. But something inside is determined to stop the renovation.
s5208,Movie,1922,Zak Hilditch,"Thomas Jane, Molly Parker, Dylan Schmid, Kaitlyn Bernard, Bob Frazer, Brian d'Arcy James, Neal McDonough",United States,2017-10-20,2017.0,2017,9,TV-MA,103 min,"Dramas, Thrillers","A farmer pens a confession admitting to his wife's murder, but her death is just the beginning of a macabre tale. Based on Stephen King's novella."
s4351,Tv Show,1983,,"Robert Więckiewicz, Maciej Musiał, Michalina Olszańska, Andrzej Chyra, Clive Russell, Zofia Wichłacz, Edyta Olszówka, Mateusz Kościukiewicz, Ewa Błaszczyk, Vu Le Hong, Tomasz Włosok, Krzysztof Wach","Poland, United States",2018-11-30,2018.0,2018,8,TV-MA,1 Season,"Crime TV Shows, International TV Shows, TV Dramas","In this dark alt-history thriller, a naïve law student and a world-weary detective uncover a conspiracy that has tyrannized Poland for decades."
s3809,Tv Show,1994,Diego Enrique Osorno,,Mexico,2019-05-17,2019.0,2019,7,TV-MA,1 Season,"Crime TV Shows, Docuseries, International TV Shows","Archival video and new interviews examine Mexican politics in 1994, a year marked by the rise of the EZLN and the assassination of Luis Donaldo Colosio."
s5995,Movie,1BR,David Marmor,"Nicole Brydon Bloom, Giles Matthey, Taylor Nichols, Alan Blumenfeld, Celeste Sully, Susan Davis, Clayton Hoff, Earnestine Phillips",United States,2020-08-23,2020.0,2019,7,TV-MA,90 min,"Horror Movies, Independent Movies, Thrillers","Seeking her independence, a young woman moves to Los Angeles and settles into a cozy apartment complex with a disturbing sense of community."
s5996,Movie,1st Summoning,Raymond Wood,"Hayley Lovitt, Teddy Cole, Brook Todd, Ace Harney, Jason Macdonald",United States,2019-07-26,2019.0,2018,8,TV-MA,94 min,"Horror Movies, Independent Movies","Student filmmakers uncover occult rituals tied to an abandoned warehouse, then gradually realize the horror is closer than they think."
s189,Movie,2 Alone in Paris,"Ramzy Bedia, Éric Judor","Ramzy Bedia, Éric Judor, Benoît Magimel, Kristin Scott Thomas, Élodie Bouchez, Édouard Baer, Fred Testot, Omar Sy",France,2021-08-28,2021.0,2008,18,TV-MA,97 min,"Comedies, International Movies","A bumbling Paris policeman is doggedly determined to capture the master thief that repeatedly eludes him, even when they're the last two men on Earth."
s775,Movie,2 Hearts,Lance Hool,"Jacob Elordi, Adan Canto, Radha Mitchell, Tiera Skovbye, Kari Matchett, Tahmoh Penikett",United States,2021-06-02,2021.0,2020,6,PG-13,101 min,"Dramas, Faith & Spirituality, Romantic Movies","In parallel love stories, the lives of college student Chris and wealthy businessman Jorge intersect in a profound twist of fate. Based on a true story."
s4713,Movie,2 States,Abhishek Varman,"Alia Bhatt, Arjun Kapoor, Ronit Roy, Amrita Singh, Revathy, Aru Krishansh Verma",India,2018-08-04,2018.0,2014,12,TV-PG,143 min,"Comedies, Dramas, International Movies","Graduate students Krish and Ananya hope to win their parents' approval before they marry, but the two families clash over their cultural differences."
s439,Movie,2 Weeks in Lagos,Kathryn Fasegha,"Beverly Naya, Mawuli Gavor, Ajoke Silva, Jide Kosoko, Toyin Abraham, Okey Uzoeshi, Deyemi Okanlawon, Shaffy Bello, Tina Mba, Efe Irele",,2021-07-16,2021.0,2020,6,TV-PG,107 min,"Dramas, International Movies, Romantic Movies",A businessman returns home to Nigeria and falls in love with a friend's sister despite his family’s plan for him to marry a politician’s daughter.
s4052,Movie,"2,215",Nottapon Boonprakob,Artiwara Kongmalai,Thailand,2019-03-01,2019.0,2018,8,TV-MA,89 min,"Documentaries, International Movies, Sports Movies","This intimate documentary follows rock star Artiwara Kongmalai on his historic, 2,215-kilometer charity run across Thailand in 2017."
s5997,Movie,20 Feet From Stardom,Morgan Neville,"Darlene Love, Merry Clayton, Lisa Fischer, Táta Vega, Claudia Lennear, Judith Hill, Bruce Springsteen, Mick Jagger, Stevie Wonder, Sting, Bette Midler, Cissy Houston, Sheryl Crow, Tata Vega",United States,2018-09-22,2018.0,2013,13,PG-13,91 min,"Documentaries, Music & Musicals","Winner of the 2014 Academy Award for Best Documentary Feature, this film takes a look at the world of backup vocalists and the legends they support."
s5325,Tv Show,20 Minutes,,"Tuba Büyüküstün, Ilker Aksum, Bülent Emin Yarar, İpek Bilgin, Müjde Uzman, Firat Çelik, Ayten Uncuoglu, Cihat Tamer",Turkey,2017-08-15,2017.0,2013,13,TV-MA,1 Season,"Crime TV Shows, International TV Shows, TV Dramas","When his wife is convicted of murder, a horrified family man races to prove her innocence while a dogged investigator sets out to uncover the truth."
s1114,Movie,2012,Roland Emmerich,"John Cusack, Amanda Peet, Chiwetel Ejiofor, Thandie Newton, Oliver Platt, Tom McCarthy, Woody Harrelson, Danny Glover, Liam James, Morgan Lily",United States,2021-04-01,2021.0,2009,17,PG-13,158 min,"Action & Adventure, Sci-Fi & Fantasy","When a flood of natural disasters begins to destroy the world, a divorced dad desperately tries to save his family by outrunning the cataclysmic chaos."
s5998,Movie,2015 Dream Concert,,"4Minute, B1A4, BtoB, ELSIE, EXID, EXO, Got7, INFINITE, KARA, Shinee, Sistar, VIXX, Nine Muses, BTS, Secret, Topp Dogg",South Korea,2017-04-28,2017.0,2015,11,TV-PG,107 min,"International Movies, Music & Musicals","The world's biggest K-pop festival marked its 21st year in 2015, with groups such as EXO, 4Minute and SHINee electrifying the Seoul World Cup Stadium."
s5999,Movie,2036 Origin Unknown,Hasraf Dulull,"Katee Sackhoff, Ray Fearon, Julie Cox, Steven Cree, David Tse, Joe David Walters",United Kingdom,2018-12-20,2018.0,2018,8,TV-14,95 min,Sci-Fi & Fantasy,"Working with an artificial intelligence to investigate the failure of a deadly Mars landing, a mission controller makes an astonishing discovery."
s6000,Movie,20th Century Women,Mike Mills,"Annette Bening, Elle Fanning, Greta Gerwig, Lucas Jade Zumann, Billy Crudup",United States,2019-06-28,2019.0,2016,10,R,119 min,"Dramas, Independent Movies","In 1979, single bohemian mom Dorothea, hoping to help her teen son find his place as a man, asks two young women to share their lives with him."
s5960,Movie,21,Robert Luketic,"Jim Sturgess, Kevin Spacey, Kate Bosworth, Aaron Yoo, Liza Lapira, Jacob Pitts, Laurence Fishburne, Jack McGee, Josh Gad, Sam Golzari, Helen Carey, Jack Gilpin",United States,2020-01-01,2020.0,2008,18,PG-13,123 min,Dramas,A brilliant group of students become card-counting experts with the intent of swindling millions out of Las Vegas casinos by playing blackjack.
s6001,Movie,21 & Over,"Jon Lucas, Scott Moore","Miles Teller, Skylar Astin, Justin Chon, Sarah Wright, Jonathan Keltz, François Chau, Russell Hodgkinson, Daniel Booko, Russell Mercado, Josie Loren, Dustin Ybarra",United States,2019-04-16,2019.0,2013,13,R,93 min,Comedies,Jeff's straight-and-narrow life changes abruptly when his buddies take him out for a birthday bash – the night before a crucial med school interview.
s2306,Tv Show,21 Again,,Laura Morgan,United Kingdom,2020-07-01,2020.0,2019,7,TV-MA,1 Season,"British TV Shows, Reality TV","In a social experiment, a group of daughters sends their mothers, disguised as 21-year-olds, into the world to experience life as a member of Gen Z."
s6002,Tv Show,21 Sarfarosh: Saragarhi 1897,,"Luke Kenny, Mohit Raina, Mukul Dev",India,2018-12-01,2018.0,2018,8,TV-14,1 Season,"International TV Shows, TV Dramas","In one of history's greatest last stands, a battalion of 21 Sikh soldiers fights to defend their outpost from attack by over 10,000 Afghans."
s5005,Tv Show,21 Thunder,,"Stephanie Bennett, Emmanuel Kabongo, RJ Fetherstonhaugh, Andres Joseph, Kevin Claydon, Conrad Pla, Clark Backo, Ryan Pierce, Eileen Li, Susan Bain, Cristina Rosato, Jonathan Kim, Colm Feore",Canada,2018-03-01,2018.0,2017,9,TV-MA,1 Season,"Crime TV Shows, International TV Shows, TV Dramas","Players and coaches for a Montreal soccer team chase dreams of stardom while their personal lives erupt with love, fear, passion and violence."
s4523,Movie,22-Jul,Paul Greengrass,"Anders Danielsen Lie, Jon Øigarden, Jonas Strand Gravli, Ola G. Furuseth, Maria Bock, Thorbjørn Harr, Jaden Smith","Norway, Iceland, United States",2018-10-10,2018.0,2018,8,R,144 min,"Dramas, Thrillers","After devastating terror attacks in Norway, a young survivor, grieving families and the country rally for justice and healing. Based on a true story."
s5966,Movie,22-Jul,Paul Greengrass,"Anders Danielsen Lie, Jon Øigarden, Jonas Strand Gravli, Ola G. Furuseth, Maria Bock, Thorbjørn Harr, Jaden Smith","Norway, Iceland, United States",2018-10-10,2018.0,2018,8,R,144 min,"Dramas, Thrillers","After devastating terror attacks in Norway, a young survivor, grieving families and the country rally for justice and healing. Based on a true story."
s6003,Movie,2307: Winter's Dream,Joey Curtis,"Paul Sidhu, Arielle Holmes, Branden Coles, Kelcey Watson, Anne-Solenne Hatte, Brad Potts, Timothy Lee DePriest, Fernando Argosino, Duchess Dukes, Harwood Gordon, Stormi Henley",United States,2018-03-01,2018.0,2016,10,TV-MA,101 min,"Action & Adventure, Independent Movies, Sci-Fi & Fantasy","In the frozen tundra of a futuristic Arizona where humans have been forced underground, a soldier hunts the bioengineered leader of a rebellion."
s4278,Movie,23:59,Gilbert Chan,"Tedd Chan, Stella Chung, Henley Hii, Lawrence Koh, Tommy Kuan, Josh Lai, Mark Lee, Susan Leong, Benjamin Lim",Singapore,2018-12-20,2018.0,2011,15,R,78 min,"Horror Movies, International Movies","When an army recruit is found dead, his fellow soldiers are forced to confront a terrifying secret that's haunting their jungle island training camp."
s6004,Movie,24 Hours to Live,Brian Smrz,"Ethan Hawke, Xu Qing, Paul Anderson, Rutger Hauer, Tyrone Keogh, Nathalie Boltt, Liam Cunningham","South Africa, China, United States",2018-04-07,2018.0,2017,9,R,93 min,Action & Adventure,"Revived by an experimental procedure, a hit man gets to live an extra 24 hours – which he uses to avenge his dead wife and child and redeem himself."
s4557,Movie,25 Kille,Simranjit Singh Hundal,"Guggu Gill, Yograj Singh, Sonia Mann, Jimmy Sharma, Sapna Bassi, Lakha Lakhwinder Singh, Sandeep Kaur Sandy, Sardar Sohi",India,2018-10-01,2018.0,2016,10,TV-14,140 min,"Action & Adventure, Dramas, International Movies","Four brothers learn that they have inherited ancestral land, but must fight to claim it when a greedy feudal lord threatens to take it over."
s5236,Movie,26 Years,Geun-hyun Cho,"Goo Jin, Hye-jin Han, Soo-bin Bae, Seul-ong Im, Kyeong-yeong Lee, Gwang Jang, Deok-jae Jo, Eui-sung Kim, Seok-Hwan An, Bok-gi Min",South Korea,2017-10-01,2017.0,2012,14,TV-MA,135 min,"Dramas, International Movies, Thrillers","Twenty-six years after the 1980 massacre at Gwangju, South Korea, three relatives of the victims come together to avenge the infamous orchestrator."
s6005,Movie,"27, el club de los malditos",Nicanor Loreti,"Diego Capusotto, Sofía Gala, Daniel Aráoz, Willy Toledo, El Polaco, Paula Manzone, Yayo Guridi, Guillermo Toledo",Argentina,2018-05-01,2018.0,2018,8,TV-MA,82 min,"Action & Adventure, Comedies, International Movies","After a musician dies under suspicious circumstances, a hard-drinking detective and a music fan investigate why rock stars often die at the age of 27."
s6006,Movie,27: Gone Too Soon,Simon Napier-Bell,"Janis Joplin, Jimi Hendrix, Amy Winehouse, Jim Morrison, Kurt Cobain",United Kingdom,2018-05-01,2018.0,2017,9,TV-MA,70 min,Documentaries,"Explore the circumstances surrounding the tragic deaths at 27 of Jimi Hendrix, Jim Morrison, Brian Jones, Janis Joplin, Kurt Cobain and Amy Winehouse."
s6007,Movie,28 Days,Betty Thomas,"Sandra Bullock, Viggo Mortensen, Dominic West, Diane Ladd, Elizabeth Perkins, Steve Buscemi, Alan Tudyk, Mike O'Malley, Azura Skye, Reni Santoni, Marianne Jean-Baptiste",United States,2020-09-30,2020.0,2000,26,PG-13,104 min,"Comedies, Dramas","After her drunken antics result in property damage, an alcoholic journalist enters rehab – and soon meets a fellow resident who changes her outlook."
s5434,Tv Show,28 Moons,,"Jin-sung Yang, Kyu-jong Kim, Tae-hwan Kang, Geummi",South Korea,2017-06-10,2017.0,2016,10,TV-PG,1 Season,"International TV Shows, Korean TV Shows, Romantic TV Shows","When her fiancé acts strangely upon receiving a mysterious invitation, a florist sets out to find out the truth behind the tiny scrap of paper."
s1609,Movie,3 Days to Kill,McG,"Kevin Costner, Amber Heard, Hailee Steinfeld, Connie Nielsen, Tómas Lemarquis, Richard Sammel, Marc Andréoni, Bruno Ricci, Jonas Bloquet, Eriq Ebouaney","United States, France, Serbia",2020-12-01,2020.0,2014,12,PG-13,117 min,Action & Adventure,A terminally ill secret agent accepts a risky mission in exchange for an experimental drug that might save him – if he can survive its side effects.
s6008,Movie,3 Deewarein,Nagesh Kukunoor,"Naseeruddin Shah, Jackie Shroff, Juhi Chawla, Nagesh Kukunoor, Gulshan Grover, Aditya Lakhia, Shri Vallabh Vyas",,2019-12-31,2019.0,2003,23,TV-MA,121 min,"Dramas, International Movies, Thrillers","A reporter interviews three convicts on death row for a documentary but as their stories emerge, so do her own true motivations for soliciting them."
s6009,Movie,3 Generations,Gaby Dellal,"Elle Fanning, Naomi Watts, Susan Sarandon, Tate Donovan, Linda Emond, Jordan Carlos, Sam Trammell, Maria Dizzia, Tessa Albertson",United States,2017-08-28,2017.0,2015,11,PG-13,92 min,"Dramas, LGBTQ Movies","When teenage Ray begins transitioning from female to male, his single mom and grandmother must cope with the change while tracking down his father."
s6010,Movie,3 Heroines,Iman Brotoseno,"Reza Rahadian, Bunga Citra Lestari, Tara Basro, Chelsea Islan",Indonesia,2019-01-05,2019.0,2016,10,TV-PG,124 min,"Dramas, International Movies, Sports Movies",Three Indonesian women break records by becoming the first of their nation to medal in archery at the Seoul Olympics in the summer of 1988.
s1115,Movie,3 Idiots,Rajkumar Hirani,"Aamir Khan, Kareena Kapoor, Madhavan, Sharman Joshi, Omi Vaidya, Boman Irani, Mona Singh, Javed Jaffrey",India,2021-04-01,2021.0,2009,17,PG-13,164 min,"Comedies, Dramas, International Movies","While attending one of India's premier colleges, three miserable engineering students and best friends struggle to beat the school's draconian system."
s6011,Movie,3 Seconds Divorce,Shazia Javed,,Canada,2019-06-15,2019.0,2018,8,TV-PG,53 min,"Documentaries, Faith & Spirituality","A Muslim women's activist group in India protests against oral divorces, starting a movement to reclaim their religious and constitutional rights."
s5665,Movie,3 Türken & ein Baby,Sinan Akkuş,"Kostja Ullmann, Eko Fresh, Kida Khodr Ramadan, Sabrina Klüber, Sami Nasser, Kayla Rybicka, Jytte-Merle Böhrnsen, Emrah Erdogru, Tim Grothe, Hülya Duyar",Germany,2016-12-15,2016.0,2015,11,TV-MA,93 min,"Comedies, International Movies",The lives of three dissatisfied brothers running a family bridal shop turn topsy-turvy when one of them has to care for his ex-girlfriend's baby.
s2128,Tv Show,3%,,"João Miguel, Bianca Comparato, Michel Gomes, Rodolfo Valente, Vaneza Oliveira, Rafael Lozano, Viviane Porto, Mel Fronckowiak, Sergio Mamberti, Zezé Motta, Celso Frateschi",Brazil,2020-08-14,2020.0,2020,6,TV-MA,4 Seasons,"International TV Shows, TV Dramas, TV Sci-Fi & Fantasy","In a future where the elite inhabit an island paradise far from the crowded slums, you get one chance to join the 3% saved from squalor."
s6012,Movie,30 Days of Luxury,Hani Hamdi,"Taher Farouz, Sad Al-Saghir, Ahmad Faloks, Soleiman Eid, Mahmood El-Laithi, Hesham Ismail, Shaima Saif, Nermin Maher, Sofinar",Egypt,2019-04-18,2019.0,2016,10,TV-14,91 min,"Comedies, International Movies","With the help of his friends, a man breaks out of prison in hopes of restoring a lively nightclub."
s6013,Movie,30 Minutes or Less,Ruben Fleischer,"Jesse Eisenberg, Danny McBride, Aziz Ansari, Nick Swardson, Dilshad Vadsaria, Michael Peña, Bianca Kajlich, Fred Ward",United States,2021-01-01,2021.0,2011,15,R,83 min,"Action & Adventure, Comedies",Two crooks planning a bank heist wind up abducting a pizza delivery driver and force him to commit the robbery — with a strict time limit.
s324,Tv Show,30 Rock,,"Tina Fey, Alec Baldwin, Tracy Morgan, Jane Krakowski, Jack McBrayer, Scott Adsit, Judah Friedlander, Katrina Bowden, Keith Powell, Lonny Ross, John Lutz, Kevin Brown, Grizz Chapman, Maulik Pancholy",United States,2021-08-01,2021.0,2012,14,TV-14,7 Seasons,TV Comedies,Liz Lemon juggles the demands of running an NBC sketch comedy show with trying to fix her disaster of a personal life and eating her night cheese.
s6014,Movie,300 Miles to Heaven,Maciej Dejczer,"Krzysztof Stroiński, Andrzej Mellin, Adrianna Biedrzyńska, Adrianna Biedrzyńska, Rafał Zimowski, Kama Kowalewska, Wiesław Komasa, Aleksander Bednarz, Jadwiga Jankowska-Cieslak, Wojciech Klata","Denmark, France, Poland",2019-10-01,2019.0,1989,37,TV-14,93 min,"Dramas, International Movies","Hoping to help their dissident parents, two brothers sneak out of Poland and land as refugees in Denmark, where they are prevented from returning home."
s2799,Movie,3022,John Suits,"Omar Epps, Kate Walsh, Miranda Cosgrove, Angus Macfadyen, Jorja Fox, Enver Gjokaj, Haaz Sleiman",United States,2020-03-19,2020.0,2019,7,R,91 min,"Independent Movies, Sci-Fi & Fantasy, Thrillers","Stranded when the Earth is suddenly destroyed in a mysterious cataclysm, the astronauts aboard a marooned space station slowly lose their minds."
s2413,Movie,365 Days,"Barbara Białowąs, Tomasz Mandes","Anna-Maria Sieklucka, Michele Morrone, Bronisław Wrocławski, Otar Saralidze, Magdalena Lamparska, Natasza Urbańska, Grażyna Szapołowska, Tomasz Stockinger, Gianni Parisi, Mateusz Łasowski",Poland,2020-06-07,2020.0,2020,6,TV-MA,114 min,"Dramas, International Movies, Romantic Movies","A fiery executive in a spiritless relationship falls victim to a dominant mafia boss, who imprisons her and gives her one year to fall in love with him."
s2971,Movie,37 Seconds,Hikari,"Mei Kayama, Misuzu Kanno, Shunsuke Daitoh, Makiko Watanabe, Yoshihiko Kumashino, Minori Hagiwara, Shohei Uno, Yuka Itaya, Kiyohiko Shibukawa, Eita Okuno, Haruka Imou, Toshinori Omi",Japan,2020-01-31,2020.0,2020,6,TV-MA,116 min,"Dramas, International Movies","Trapped by society and familial obligations, a young manga artist goes on an unconventional journey for sexual freedom and personal liberation."
s3668,Tv Show,3Below: Tales of Arcadia,,"Tatiana Maslany, Diego Luna, Nick Offerman, Nick Frost, Glenn Close, Alon Aboutboul, Hayley Atwell, Darin De Paul, Andy Garcia, Cheryl Hines, Tom Kenny, Chris Obi, Cole Sand, Frank Welker, Steven Yeun",United States,2019-07-12,2019.0,2019,7,TV-Y7,2 Seasons,"Kids' TV, TV Action & Adventure, TV Sci-Fi & Fantasy","After crash-landing on Earth, two royal teen aliens on the run struggle to blend in with humans as they evade intergalactic bounty hunters."
s1666,Movie,40 Sticks,Victor Gatonye,"Robert Agengo, Mwaura Bilal, Andreo Kamau, Cajetan Boy, Arabron Nyyeneque, Shiviske Shivisi, Xavier Ywaya",Kenya,2020-11-20,2020.0,2019,7,TV-14,93 min,"International Movies, Thrillers","When their prison bus crashes in a forest on a rainy night, a group of criminals finds themselves battling wild animals and a mysterious killer."
s6015,Movie,42 Grams,Jack C. Newell,Jake Bickelhaupt,United States,2018-02-01,2018.0,2017,9,TV-MA,81 min,Documentaries,"After launching a successful underground restaurant out of their apartment, an ambitious chef and his wife open an all-consuming upscale eatery."
